Date,Community ID,Contains Label,Similarity,Pango Counts,Matched From Date,Matched From Community ID,Alternative Matched From,Core Node,Mutations_of_core_node
2020/4/9,5,FALSE,0,"{""B.1"": 2}",,,[],B.1,241(SNP:C->T);3037(SNP:C->T);14408(SNP:C->T);23403(SNP:A->G);29872(Deletion:AAAAAAAAAAAAAAAAAAAAAAAAAAAAAAAA-->A)
2020/4/16,5,FALSE,1,"{""B.1"": 2}",2020/4/9,5,[],B.1,241(SNP:C->T);3037(SNP:C->T);14408(SNP:C->T);23403(SNP:A->G);29872(Deletion:AAAAAAAAAAAAAAAAAAAAAAAAAAAAAAAA-->A)
2020/4/23,5,FALSE,1,"{""B.1"": 2}",2020/4/16,5,[],B.1,241(SNP:C->T);3037(SNP:C->T);14408(SNP:C->T);23403(SNP:A->G);29872(Deletion:AAAAAAAAAAAAAAAAAAAAAAAAAAAAAAAA-->A)
2020/4/30,6,FALSE,1,"{""B.1"": 2}",2020/4/23,5,[],B.1,241(SNP:C->T);3037(SNP:C->T);14408(SNP:C->T);23403(SNP:A->G);29872(Deletion:AAAAAAAAAAAAAAAAAAAAAAAAAAAAAAAA-->A)
2020/5/7,4,FALSE,0.667,"{""B.1"": 2, ""B.1.1"": 1}",2020/4/30,6,[],B.1,241(SNP:C->T);3037(SNP:C->T);14408(SNP:C->T);23403(SNP:A->G);29872(Deletion:AAAAAAAAAAAAAAAAAAAAAAAAAAAAAAAA-->A)
2020/5/14,9,FALSE,0.75,"{""B.1"": 2, ""B.1.1"": 1, ""B.1.1.34"": 1}",2020/5/7,4,[],B.1,241(SNP:C->T);3037(SNP:C->T);14408(SNP:C->T);23403(SNP:A->G);29872(Deletion:AAAAAAAAAAAAAAAAAAAAAAAAAAAAAAAA-->A)
2020/5/21,8,FALSE,0.8,"{""B.1"": 2, ""B.1.1"": 1, ""B.1.1.34"": 1, ""B.1.8"": 1}",2020/5/14,9,[],B.1,241(SNP:C->T);3037(SNP:C->T);14408(SNP:C->T);23403(SNP:A->G);29872(Deletion:AAAAAAAAAAAAAAAAAAAAAAAAAAAAAAAA-->A)
2020/5/28,9,FALSE,1,"{""B.1"": 2, ""B.1.1"": 1, ""B.1.1.34"": 1, ""B.1.8"": 1}",2020/5/21,8,[],B.1,241(SNP:C->T);3037(SNP:C->T);14408(SNP:C->T);23403(SNP:A->G);29872(Deletion:AAAAAAAAAAAAAAAAAAAAAAAAAAAAAAAA-->A)
2020/6/4,10,FALSE,1,"{""B.1"": 2, ""B.1.1"": 1, ""B.1.1.34"": 1, ""B.1.8"": 1}",2020/5/28,9,[],B.1,241(SNP:C->T);3037(SNP:C->T);14408(SNP:C->T);23403(SNP:A->G);29872(Deletion:AAAAAAAAAAAAAAAAAAAAAAAAAAAAAAAA-->A)
2020/6/11,11,FALSE,0.833,"{""B.1"": 2, ""B.1.1"": 2, ""B.1.1.34"": 1, ""B.1.8"": 1}",2020/6/4,10,[],B.1,241(SNP:C->T);3037(SNP:C->T);14408(SNP:C->T);23403(SNP:A->G);29872(Deletion:AAAAAAAAAAAAAAAAAAAAAAAAAAAAAAAA-->A)
2020/6/18,12,FALSE,1,"{""B.1"": 2, ""B.1.1"": 2, ""B.1.1.34"": 1, ""B.1.8"": 1}",2020/6/11,11,[],B.1,241(SNP:C->T);3037(SNP:C->T);14408(SNP:C->T);23403(SNP:A->G);29872(Deletion:AAAAAAAAAAAAAAAAAAAAAAAAAAAAAAAA-->A)
2020/6/25,13,FALSE,1,"{""B.1"": 2, ""B.1.1"": 2, ""B.1.1.34"": 1, ""B.1.8"": 1}",2020/6/18,12,[],B.1,241(SNP:C->T);3037(SNP:C->T);14408(SNP:C->T);23403(SNP:A->G);29872(Deletion:AAAAAAAAAAAAAAAAAAAAAAAAAAAAAAAA-->A)
2020/7/2,18,FALSE,0.667,"{""B.1"": 2, ""B.1.8"": 1}",2020/6/25,13,[],B.1,241(SNP:C->T);3037(SNP:C->T);14408(SNP:C->T);23403(SNP:A->G);29872(Deletion:AAAAAAAAAAAAAAAAAAAAAAAAAAAAAAAA-->A)
2020/7/9,24,FALSE,0.75,"{""B.1"": 3, ""B.1.8"": 1}",2020/7/2,18,[],B.1,241(SNP:C->T);3037(SNP:C->T);14408(SNP:C->T);23403(SNP:A->G);29872(Deletion:AAAAAAAAAAAAAAAAAAAAAAAAAAAAAAAA-->A)
2020/7/16,28,FALSE,1,"{""B.1"": 3, ""B.1.8"": 1}",2020/7/9,24,[],B.1,241(SNP:C->T);3037(SNP:C->T);14408(SNP:C->T);23403(SNP:A->G);29872(Deletion:AAAAAAAAAAAAAAAAAAAAAAAAAAAAAAAA-->A)
2020/7/23,36,FALSE,0.571,"{""B.1"": 5, ""B.1.237"": 1, ""B.1.8"": 1}",2020/7/16,28,[],B.1,241(SNP:C->T);3037(SNP:C->T);14408(SNP:C->T);23403(SNP:A->G);29872(Deletion:AAAAAAAAAAAAAAAAAAAAAAAAAAAAAAAA-->A)
2020/7/30,42,FALSE,1,"{""B.1"": 5, ""B.1.237"": 1, ""B.1.8"": 1}",2020/7/23,36,[],B.1,241(SNP:C->T);3037(SNP:C->T);14408(SNP:C->T);23403(SNP:A->G);29872(Deletion:AAAAAAAAAAAAAAAAAAAAAAAAAAAAAAAA-->A)
2020/8/6,48,FALSE,1,"{""B.1"": 5, ""B.1.237"": 1, ""B.1.8"": 1}",2020/7/30,42,[],B.1,241(SNP:C->T);3037(SNP:C->T);14408(SNP:C->T);23403(SNP:A->G);29872(Deletion:AAAAAAAAAAAAAAAAAAAAAAAAAAAAAAAA-->A)
2020/8/13,52,FALSE,1,"{""B.1"": 5, ""B.1.237"": 1, ""B.1.8"": 1}",2020/8/6,48,[],B.1,241(SNP:C->T);3037(SNP:C->T);14408(SNP:C->T);23403(SNP:A->G);29872(Deletion:AAAAAAAAAAAAAAAAAAAAAAAAAAAAAAAA-->A)
2020/8/20,52,FALSE,1,"{""B.1"": 5, ""B.1.237"": 1, ""B.1.8"": 1}",2020/8/13,52,[],B.1,241(SNP:C->T);3037(SNP:C->T);14408(SNP:C->T);23403(SNP:A->G);29872(Deletion:AAAAAAAAAAAAAAAAAAAAAAAAAAAAAAAA-->A)
2020/8/27,55,FALSE,1,"{""B.1"": 5, ""B.1.237"": 1, ""B.1.8"": 1}",2020/8/20,52,[],B.1,241(SNP:C->T);3037(SNP:C->T);14408(SNP:C->T);23403(SNP:A->G);29872(Deletion:AAAAAAAAAAAAAAAAAAAAAAAAAAAAAAAA-->A)
2020/9/3,56,FALSE,1,"{""B.1"": 5, ""B.1.237"": 1, ""B.1.8"": 1}",2020/8/27,55,[],B.1,241(SNP:C->T);3037(SNP:C->T);14408(SNP:C->T);23403(SNP:A->G);29872(Deletion:AAAAAAAAAAAAAAAAAAAAAAAAAAAAAAAA-->A)
2020/9/10,58,FALSE,1,"{""B.1"": 5, ""B.1.237"": 1, ""B.1.8"": 1}",2020/9/3,56,[],B.1,241(SNP:C->T);3037(SNP:C->T);14408(SNP:C->T);23403(SNP:A->G);29872(Deletion:AAAAAAAAAAAAAAAAAAAAAAAAAAAAAAAA-->A)
2020/9/17,31,FALSE,0.875,"{""B.1"": 5, ""B.1.237"": 2, ""B.1.8"": 1}",2020/9/10,58,[],B.1,241(SNP:C->T);3037(SNP:C->T);14408(SNP:C->T);23403(SNP:A->G);29872(Deletion:AAAAAAAAAAAAAAAAAAAAAAAAAAAAAAAA-->A)
2020/9/24,32,FALSE,1,"{""B.1"": 5, ""B.1.237"": 2, ""B.1.8"": 1}",2020/9/17,31,[],B.1,241(SNP:C->T);3037(SNP:C->T);14408(SNP:C->T);23403(SNP:A->G);29872(Deletion:AAAAAAAAAAAAAAAAAAAAAAAAAAAAAAAA-->A)
2020/10/1,35,FALSE,1,"{""B.1"": 5, ""B.1.237"": 2, ""B.1.8"": 1}",2020/9/24,32,[],B.1,241(SNP:C->T);3037(SNP:C->T);14408(SNP:C->T);23403(SNP:A->G);29872(Deletion:AAAAAAAAAAAAAAAAAAAAAAAAAAAAAAAA-->A)
2020/10/8,35,FALSE,1,"{""B.1"": 5, ""B.1.237"": 2, ""B.1.8"": 1}",2020/10/1,35,[],B.1,241(SNP:C->T);3037(SNP:C->T);14408(SNP:C->T);23403(SNP:A->G);29872(Deletion:AAAAAAAAAAAAAAAAAAAAAAAAAAAAAAAA-->A)
2020/10/15,36,FALSE,1,"{""B.1"": 5, ""B.1.237"": 2, ""B.1.8"": 1}",2020/10/8,35,[],B.1,241(SNP:C->T);3037(SNP:C->T);14408(SNP:C->T);23403(SNP:A->G);29872(Deletion:AAAAAAAAAAAAAAAAAAAAAAAAAAAAAAAA-->A)
2020/10/22,41,FALSE,1,"{""B.1"": 5, ""B.1.237"": 2, ""B.1.8"": 1}",2020/10/15,36,[],B.1,241(SNP:C->T);3037(SNP:C->T);14408(SNP:C->T);23403(SNP:A->G);29872(Deletion:AAAAAAAAAAAAAAAAAAAAAAAAAAAAAAAA-->A)
2020/10/29,44,FALSE,1,"{""B.1"": 5, ""B.1.237"": 2, ""B.1.8"": 1}",2020/10/22,41,[],B.1,241(SNP:C->T);3037(SNP:C->T);14408(SNP:C->T);23403(SNP:A->G);29872(Deletion:AAAAAAAAAAAAAAAAAAAAAAAAAAAAAAAA-->A)
2020/11/5,45,FALSE,1,"{""B.1"": 5, ""B.1.237"": 2, ""B.1.8"": 1}",2020/10/29,44,[],B.1,241(SNP:C->T);3037(SNP:C->T);14408(SNP:C->T);23403(SNP:A->G);29872(Deletion:AAAAAAAAAAAAAAAAAAAAAAAAAAAAAAAA-->A)
2020/11/12,44,FALSE,1,"{""B.1"": 5, ""B.1.237"": 2, ""B.1.8"": 1}",2020/11/5,45,[],B.1,241(SNP:C->T);3037(SNP:C->T);14408(SNP:C->T);23403(SNP:A->G);29872(Deletion:AAAAAAAAAAAAAAAAAAAAAAAAAAAAAAAA-->A)
2020/11/19,50,FALSE,1,"{""B.1"": 5, ""B.1.237"": 2, ""B.1.8"": 1}",2020/11/12,44,[],B.1,241(SNP:C->T);3037(SNP:C->T);14408(SNP:C->T);23403(SNP:A->G);29872(Deletion:AAAAAAAAAAAAAAAAAAAAAAAAAAAAAAAA-->A)
2020/11/26,50,FALSE,1,"{""B.1"": 5, ""B.1.237"": 2, ""B.1.8"": 1}",2020/11/19,50,[],B.1,241(SNP:C->T);3037(SNP:C->T);14408(SNP:C->T);23403(SNP:A->G);29872(Deletion:AAAAAAAAAAAAAAAAAAAAAAAAAAAAAAAA-->A)
2020/12/3,50,FALSE,1,"{""B.1"": 5, ""B.1.237"": 2, ""B.1.8"": 1}",2020/11/26,50,[],B.1,241(SNP:C->T);3037(SNP:C->T);14408(SNP:C->T);23403(SNP:A->G);29872(Deletion:AAAAAAAAAAAAAAAAAAAAAAAAAAAAAAAA-->A)
2020/12/10,5,TRUE,0.889,"{""B.1"": 5, ""B.1.237"": 2, ""B.1.351"": 1, ""B.1.8"": 1}",2020/12/3,50,[],B.1,241(SNP:C->T);3037(SNP:C->T);14408(SNP:C->T);23403(SNP:A->G);29872(Deletion:AAAAAAAAAAAAAAAAAAAAAAAAAAAAAAAA-->A)
