Date,Community ID,Contains Label,Similarity,Lineage Counts,Matched From Date,Matched From Community ID,Core Node,Mutations_of_core_node,Matched From Time Index,Alternative Matched From
2020-06-15,6,False,0.000,"{""B.1.1.28"": 3}",<NA>,<NA>,B.1.1.28,1(Deletion:-AT-TAAAGG----TTTATA------------------CCTTCCCAGGTAA------CAA---------------------ACCAACCAACTTTCGATCTCTTGT->-);291(SNP:C->T);3087(SNP:C->T);9529(SNP:G->T);12103(SNP:C->T);14458(SNP:C->T);22284(SNP:A->G);23453(SNP:A->G);25138(SNP:G->T);28931(SNP:G->A);28932(SNP:G->A);28933(SNP:G->C);29887(Deletion:CCCATGTG-ATTTTAATAGC--TT-C--T--TAGGAG--AATGA---------------------------------------------------------------------------------------------------------------------------CAAAAAAAAAAAAAAAAAAAAAAAAAAAAAAAAA--------------------------------------------------------------------------------------------------------------------------------------------------------------------------------------------------------------------------------------------------------------------------------------------------------------------------------------------------------------------------------------------------------------------------------------------------------------------------------------------------------------------------------------------------------------------------------------------------------------------------------------------------------------------------------------------------------------------------------------------------------------------------------------------------------------------------------------------------------->C),<NA>,[]
2020-06-22,6,False,0.973,"{""B.1.1.28"": 5}",2020-06-15,6,B.1.1.28,1(Deletion:-AT-TAAAGG----TTTATA------------------CCTTCCCAGGTAA------CAA---------------------ACCAACCAACTTTCGATCTCTTGT->-);291(SNP:C->T);3087(SNP:C->T);9529(SNP:G->T);12103(SNP:C->T);14458(SNP:C->T);22284(SNP:A->G);23453(SNP:A->G);25138(SNP:G->T);28931(SNP:G->A);28932(SNP:G->A);28933(SNP:G->C);29887(Deletion:CCCATGTG-ATTTTAATAGC--TT-C--T--TAGGAG--AATGA---------------------------------------------------------------------------------------------------------------------------CAAAAAAAAAAAAAAAAAAAAAAAAAAAAAAAAA--------------------------------------------------------------------------------------------------------------------------------------------------------------------------------------------------------------------------------------------------------------------------------------------------------------------------------------------------------------------------------------------------------------------------------------------------------------------------------------------------------------------------------------------------------------------------------------------------------------------------------------------------------------------------------------------------------------------------------------------------------------------------------------------------------------------------------------------------------->C),2,[]
2020-06-29,9,False,0.961,"{""B.1.1.28"": 9}",2020-06-22,6,B.1.1.28,1(Deletion:-AT-TAAAGG----TTTATA------------------CCTTCCCAGGTAA------CAA---------------------ACCAACCAACTTTCGATCTCTTGT->-);291(SNP:C->T);3087(SNP:C->T);9529(SNP:G->T);12103(SNP:C->T);14458(SNP:C->T);22284(SNP:A->G);23453(SNP:A->G);25138(SNP:G->T);28931(SNP:G->A);28932(SNP:G->A);28933(SNP:G->C);29887(Deletion:CCCATGTG-ATTTTAATAGC--TT-C--T--TAGGAG--AATGA---------------------------------------------------------------------------------------------------------------------------CAAAAAAAAAAAAAAAAAAAAAAAAAAAAAAAAA--------------------------------------------------------------------------------------------------------------------------------------------------------------------------------------------------------------------------------------------------------------------------------------------------------------------------------------------------------------------------------------------------------------------------------------------------------------------------------------------------------------------------------------------------------------------------------------------------------------------------------------------------------------------------------------------------------------------------------------------------------------------------------------------------------------------------------------------------------->C),3,[]
2020-07-06,5,False,0.673,"{""B.1.1.28"": 13}",2020-06-29,9,B.1.1.28,1(Deletion:-AT-TAAAGG----TTTATA------------------CCTTCCCAGGTAA------CAA---------------------ACCAACCAACTTTCGATCTCTTGT->-);291(SNP:C->T);3087(SNP:C->T);12103(SNP:C->T);14458(SNP:C->T);23453(SNP:A->G);25138(SNP:G->T);28931(SNP:G->A);28932(SNP:G->A);28933(SNP:G->C);29887(Deletion:CCCATGTG-ATTTTAATAGC--TT-C--T--TAGGAG--AATGA---------------------------------------------------------------------------------------------------------------------------CAAAAAAAAAAAAAAAAAAAAAAAAAAAAAAAAA--------------------------------------------------------------------------------------------------------------------------------------------------------------------------------------------------------------------------------------------------------------------------------------------------------------------------------------------------------------------------------------------------------------------------------------------------------------------------------------------------------------------------------------------------------------------------------------------------------------------------------------------------------------------------------------------------------------------------------------------------------------------------------------------------------------------------------------------------------->C),4,[]
2020-07-13,10,False,0.931,"{""B.1.1.28"": 13}",2020-07-06,5,B.1.1.28,1(Deletion:-AT-TAAAGG----TTTATA------------------CCTTCCCAGGTAA------CAA---------------------ACCAACCAACTTTCGATCTCTTGT->-);291(SNP:C->T);3087(SNP:C->T);12103(SNP:C->T);14458(SNP:C->T);23453(SNP:A->G);25138(SNP:G->T);28931(SNP:G->A);28932(SNP:G->A);28933(SNP:G->C);29887(Deletion:CCCATGTG-ATTTTAATAGC--TT-C--T--TAGGAG--AATGA---------------------------------------------------------------------------------------------------------------------------CAAAAAAAAAAAAAAAAAAAAAAAAAAAAAAAAA--------------------------------------------------------------------------------------------------------------------------------------------------------------------------------------------------------------------------------------------------------------------------------------------------------------------------------------------------------------------------------------------------------------------------------------------------------------------------------------------------------------------------------------------------------------------------------------------------------------------------------------------------------------------------------------------------------------------------------------------------------------------------------------------------------------------------------------------------------->C),5,[]
2020-07-20,15,False,0.980,"{""B.1.1.28"": 14}",2020-07-13,10,B.1.1.28,1(Deletion:-AT-TAAAGG----TTTATA------------------CCTTCCCAGGTAA------CAA---------------------ACCAACCAACTTTCGATCTCTTGT->-);291(SNP:C->T);3087(SNP:C->T);12103(SNP:C->T);14458(SNP:C->T);23453(SNP:A->G);25138(SNP:G->T);28931(SNP:G->A);28932(SNP:G->A);28933(SNP:G->C);29887(Deletion:CCCATGTG-ATTTTAATAGC--TT-C--T--TAGGAG--AATGA---------------------------------------------------------------------------------------------------------------------------CAAAAAAAAAAAAAAAAAAAAAAAAAAAAAAAAA--------------------------------------------------------------------------------------------------------------------------------------------------------------------------------------------------------------------------------------------------------------------------------------------------------------------------------------------------------------------------------------------------------------------------------------------------------------------------------------------------------------------------------------------------------------------------------------------------------------------------------------------------------------------------------------------------------------------------------------------------------------------------------------------------------------------------------------------------------->C),6,[]
2020-07-27,17,False,0.975,"{""B.1.1.28"": 16}",2020-07-20,15,B.1.1.28,1(Deletion:-AT-TAAAGG----TTTATA------------------CCTTCCCAGGTAA------CAA---------------------ACCAACCAACTTTCGATCTCTTGT->-);291(SNP:C->T);3087(SNP:C->T);12103(SNP:C->T);14458(SNP:C->T);23453(SNP:A->G);25138(SNP:G->T);28931(SNP:G->A);28932(SNP:G->A);28933(SNP:G->C);29887(Deletion:CCCATGTG-ATTTTAATAGC--TT-C--T--TAGGAG--AATGA---------------------------------------------------------------------------------------------------------------------------CAAAAAAAAAAAAAAAAAAAAAAAAAAAAAAAAA--------------------------------------------------------------------------------------------------------------------------------------------------------------------------------------------------------------------------------------------------------------------------------------------------------------------------------------------------------------------------------------------------------------------------------------------------------------------------------------------------------------------------------------------------------------------------------------------------------------------------------------------------------------------------------------------------------------------------------------------------------------------------------------------------------------------------------------------------------->C),7,[]
2020-08-03,21,False,1.000,"{""B.1.1.28"": 16}",2020-07-27,17,B.1.1.28,1(Deletion:-AT-TAAAGG----TTTATA------------------CCTTCCCAGGTAA------CAA---------------------ACCAACCAACTTTCGATCTCTTGT->-);291(SNP:C->T);3087(SNP:C->T);12103(SNP:C->T);14458(SNP:C->T);23453(SNP:A->G);25138(SNP:G->T);28931(SNP:G->A);28932(SNP:G->A);28933(SNP:G->C);29887(Deletion:CCCATGTG-ATTTTAATAGC--TT-C--T--TAGGAG--AATGA---------------------------------------------------------------------------------------------------------------------------CAAAAAAAAAAAAAAAAAAAAAAAAAAAAAAAAA--------------------------------------------------------------------------------------------------------------------------------------------------------------------------------------------------------------------------------------------------------------------------------------------------------------------------------------------------------------------------------------------------------------------------------------------------------------------------------------------------------------------------------------------------------------------------------------------------------------------------------------------------------------------------------------------------------------------------------------------------------------------------------------------------------------------------------------------------------->C),8,[]
2020-08-10,21,False,0.978,"{""B.1.1.28"": 16}",2020-08-03,21,B.1.1.28,1(Deletion:-AT-TAAAGG----TTTATA------------------CCTTCCCAGGTAA------CAA---------------------ACCAACCAACTTTCGATCTCTTGT->-);291(SNP:C->T);3087(SNP:C->T);12103(SNP:C->T);14458(SNP:C->T);23453(SNP:A->G);25138(SNP:G->T);28931(SNP:G->A);28932(SNP:G->A);28933(SNP:G->C);29887(Deletion:CCCATGTG-ATTTTAATAGC--TT-C--T--TAGGAG--AATGA---------------------------------------------------------------------------------------------------------------------------CAAAAAAAAAAAAAAAAAAAAAAAAAAAAAAAAA--------------------------------------------------------------------------------------------------------------------------------------------------------------------------------------------------------------------------------------------------------------------------------------------------------------------------------------------------------------------------------------------------------------------------------------------------------------------------------------------------------------------------------------------------------------------------------------------------------------------------------------------------------------------------------------------------------------------------------------------------------------------------------------------------------------------------------------------------------->C),9,[]
2020-08-17,22,False,0.980,"{""B.1.1.28"": 18}",2020-08-10,21,B.1.1.28,1(Deletion:-AT-TAAAGG----TTTATA------------------CCTTCCCAGGTAA------CAA---------------------ACCAACCAACTTTCGATCTCTTGT->-);291(SNP:C->T);3087(SNP:C->T);12103(SNP:C->T);14458(SNP:C->T);23453(SNP:A->G);25138(SNP:G->T);28931(SNP:G->A);28932(SNP:G->A);28933(SNP:G->C);29887(Deletion:CCCATGTG-ATTTTAATAGC--TT-C--T--TAGGAG--AATGA---------------------------------------------------------------------------------------------------------------------------CAAAAAAAAAAAAAAAAAAAAAAAAAAAAAAAAA--------------------------------------------------------------------------------------------------------------------------------------------------------------------------------------------------------------------------------------------------------------------------------------------------------------------------------------------------------------------------------------------------------------------------------------------------------------------------------------------------------------------------------------------------------------------------------------------------------------------------------------------------------------------------------------------------------------------------------------------------------------------------------------------------------------------------------------------------------->C),10,[]
2020-08-24,23,False,0.987,"{""B.1.1.28"": 19}",2020-08-17,22,B.1.1.28,1(Deletion:-AT-TAAAGG----TTTATA------------------CCTTCCCAGGTAA------CAA---------------------ACCAACCAACTTTCGATCTCTTGT->-);291(SNP:C->T);3087(SNP:C->T);12103(SNP:C->T);14458(SNP:C->T);23453(SNP:A->G);25138(SNP:G->T);28931(SNP:G->A);28932(SNP:G->A);28933(SNP:G->C);29887(Deletion:CCCATGTG-ATTTTAATAGC--TT-C--T--TAGGAG--AATGA---------------------------------------------------------------------------------------------------------------------------CAAAAAAAAAAAAAAAAAAAAAAAAAAAAAAAAA--------------------------------------------------------------------------------------------------------------------------------------------------------------------------------------------------------------------------------------------------------------------------------------------------------------------------------------------------------------------------------------------------------------------------------------------------------------------------------------------------------------------------------------------------------------------------------------------------------------------------------------------------------------------------------------------------------------------------------------------------------------------------------------------------------------------------------------------------------->C),11,[]
2020-08-31,25,False,0.978,"{""B.1.1.28"": 20, ""P.7"": 1}",2020-08-24,23,B.1.1.28,1(Deletion:-AT-TAAAGG----TTTATA------------------CCTTCCCAGGTAA------CAA---------------------ACCAACCAACTTTCGATCTCTTGT->-);291(SNP:C->T);3087(SNP:C->T);12103(SNP:C->T);14458(SNP:C->T);23453(SNP:A->G);25138(SNP:G->T);28931(SNP:G->A);28932(SNP:G->A);28933(SNP:G->C);29887(Deletion:CCCATGTG-ATTTTAATAGC--TT-C--T--TAGGAG--AATGA---------------------------------------------------------------------------------------------------------------------------CAAAAAAAAAAAAAAAAAAAAAAAAAAAAAAAAA--------------------------------------------------------------------------------------------------------------------------------------------------------------------------------------------------------------------------------------------------------------------------------------------------------------------------------------------------------------------------------------------------------------------------------------------------------------------------------------------------------------------------------------------------------------------------------------------------------------------------------------------------------------------------------------------------------------------------------------------------------------------------------------------------------------------------------------------------------->C),12,[]
2020-09-07,29,False,0.969,"{""B.1.1.28"": 21, ""P.7"": 1}",2020-08-31,25,B.1.1.28,1(Deletion:-AT-TAAAGG----TTTATA------------------CCTTCCCAGGTAA------CAA---------------------ACCAACCAACTTTCGATCTCTTGT->-);291(SNP:C->T);3087(SNP:C->T);12103(SNP:C->T);14458(SNP:C->T);23453(SNP:A->G);25138(SNP:G->T);28931(SNP:G->A);28932(SNP:G->A);28933(SNP:G->C);29887(Deletion:CCCATGTG-ATTTTAATAGC--TT-C--T--TAGGAG--AATGA---------------------------------------------------------------------------------------------------------------------------CAAAAAAAAAAAAAAAAAAAAAAAAAAAAAAAAA--------------------------------------------------------------------------------------------------------------------------------------------------------------------------------------------------------------------------------------------------------------------------------------------------------------------------------------------------------------------------------------------------------------------------------------------------------------------------------------------------------------------------------------------------------------------------------------------------------------------------------------------------------------------------------------------------------------------------------------------------------------------------------------------------------------------------------------------------------->C),13,[]
2020-09-14,17,True,0.955,"{""B.1.1.28"": 24, ""P.2"": 1, ""P.7"": 1}",2020-09-07,29,B.1.1.28,1(Deletion:-AT-TAAAGG----TTTATA------------------CCTTCCCAGGTAA------CAA---------------------ACCAACCAACTTTCGATCTCTTGT->-);291(SNP:C->T);3087(SNP:C->T);12103(SNP:C->T);14458(SNP:C->T);23453(SNP:A->G);25138(SNP:G->T);28931(SNP:G->A);28932(SNP:G->A);28933(SNP:G->C);29887(Deletion:CCCATGTG-ATTTTAATAGC--TT-C--T--TAGGAG--AATGA---------------------------------------------------------------------------------------------------------------------------CAAAAAAAAAAAAAAAAAAAAAAAAAAAAAAAAA--------------------------------------------------------------------------------------------------------------------------------------------------------------------------------------------------------------------------------------------------------------------------------------------------------------------------------------------------------------------------------------------------------------------------------------------------------------------------------------------------------------------------------------------------------------------------------------------------------------------------------------------------------------------------------------------------------------------------------------------------------------------------------------------------------------------------------------------------------->C),14,[]
2020-09-21,12,True,0.961,"{""B.1.1.28"": 30, ""P.2"": 1, ""P.7"": 1}",2020-09-14,17,B.1.1.28,1(Deletion:-AT-TAAAGG----TTTATA------------------CCTTCCCAGGTAA------CAA---------------------ACCAACCAACTTTCGATCTCTTGT->-);291(SNP:C->T);3087(SNP:C->T);12103(SNP:C->T);14458(SNP:C->T);23453(SNP:A->G);25138(SNP:G->T);28931(SNP:G->A);28932(SNP:G->A);28933(SNP:G->C);29887(Deletion:CCCATGTG-ATTTTAATAGC--TT-C--T--TAGGAG--AATGA---------------------------------------------------------------------------------------------------------------------------CAAAAAAAAAAAAAAAAAAAAAAAAAAAAAAAAA--------------------------------------------------------------------------------------------------------------------------------------------------------------------------------------------------------------------------------------------------------------------------------------------------------------------------------------------------------------------------------------------------------------------------------------------------------------------------------------------------------------------------------------------------------------------------------------------------------------------------------------------------------------------------------------------------------------------------------------------------------------------------------------------------------------------------------------------------------->C),15,[]
2020-09-28,13,True,0.991,"{""B.1.1.28"": 32, ""P.2"": 1, ""P.7"": 1}",2020-09-21,12,B.1.1.28,1(Deletion:-AT-TAAAGG----TTTATA------------------CCTTCCCAGGTAA------CAA---------------------ACCAACCAACTTTCGATCTCTTGT->-);291(SNP:C->T);3087(SNP:C->T);12103(SNP:C->T);14458(SNP:C->T);23453(SNP:A->G);25138(SNP:G->T);28931(SNP:G->A);28932(SNP:G->A);28933(SNP:G->C);29887(Deletion:CCCATGTG-ATTTTAATAGC--TT-C--T--TAGGAG--AATGA---------------------------------------------------------------------------------------------------------------------------CAAAAAAAAAAAAAAAAAAAAAAAAAAAAAAAAA--------------------------------------------------------------------------------------------------------------------------------------------------------------------------------------------------------------------------------------------------------------------------------------------------------------------------------------------------------------------------------------------------------------------------------------------------------------------------------------------------------------------------------------------------------------------------------------------------------------------------------------------------------------------------------------------------------------------------------------------------------------------------------------------------------------------------------------------------------->C),16,[]
